categoria	nombre	unidad_nueva	porcion_antes	porcion_despues
FRUTAS	Albaricoque	UNIDAD	50	50
FRUTAS	Albaricoque Valenciano	UNIDAD	50	50
FRUTAS	Batido De Frutas Envasado	MILILITROS	250	250
FRUTAS	Breva	UNIDAD	60	60
FRUTAS	Caqui	UNIDAD	150	150
FRUTAS	Caqui Brillante	UNIDAD	150	150
FRUTAS	Caqui Persimon	UNIDAD	150	150
FRUTAS	Carambola	UNIDAD	100	100
FRUTAS	Chirimoya	UNIDAD	200	200
FRUTAS	Chirimoya Grande	UNIDAD	250	250
FRUTAS	Ciruela	UNIDAD	70	70
FRUTAS	Ciruela Amarilla	UNIDAD	70	70
FRUTAS	Ciruela Claudia	UNIDAD	70	70
FRUTAS	Ciruela Japonesa	UNIDAD	70	70
FRUTAS	Ciruela Mirabel	UNIDAD	70	70
FRUTAS	Ciruela Roja	UNIDAD	70	70
FRUTAS	Clementina	UNIDAD	70	70
FRUTAS	Dátil Barhi	UNIDAD	30	10
FRUTAS	Dátil Deglet Nour	UNIDAD	30	10
FRUTAS	Dátil Ecológico	UNIDAD	30	10
FRUTAS	Dátil Fresco	UNIDAD	30	10
FRUTAS	Dátil Medjoul	UNIDAD	30	25
FRUTAS	Dátil Natural	UNIDAD	30	10
FRUTAS	Dátil Zahidi	UNIDAD	30	10
FRUTAS	Fruta De La Pasión	UNIDAD	50	50
FRUTAS	Granada	UNIDAD	150	150
FRUTAS	Granada Mollar	UNIDAD	150	150
FRUTAS	Granada Roja	UNIDAD	150	150
FRUTAS	Guayaba	UNIDAD	100	100
FRUTAS	Guayaba Rosa	UNIDAD	100	100
FRUTAS	Higo Blanco	UNIDAD	50	50
FRUTAS	Higo Chumbo	UNIDAD	100	100
FRUTAS	Higo Fresco	UNIDAD	50	50
FRUTAS	Higo Negro	UNIDAD	50	50
FRUTAS	Kiwi	UNIDAD	80	80
FRUTAS	Kiwi Amarillo Sungold	UNIDAD	80	80
FRUTAS	Kiwi Ecológico	UNIDAD	80	80
FRUTAS	Kiwi Gold	UNIDAD	80	80
FRUTAS	Kiwi Mini	UNIDAD	40	40
FRUTAS	Kiwi Zespri	UNIDAD	80	80
FRUTAS	Lima	UNIDAD	60	60
FRUTAS	Limón	UNIDAD	60	60
FRUTAS	Limón Ecológico	UNIDAD	60	60
FRUTAS	Limón Eureka	UNIDAD	60	60
FRUTAS	Limón Verna	UNIDAD	60	60
FRUTAS	Mandarina	UNIDAD	80	80
FRUTAS	Mandarina Clemenules	UNIDAD	80	80
FRUTAS	Mandarina Clemenvilla	UNIDAD	80	80
FRUTAS	Mandarina Fortuna	UNIDAD	80	80
FRUTAS	Mandarina Nadorcott	UNIDAD	80	80
FRUTAS	Mandarina Ortanique	UNIDAD	80	80
FRUTAS	Mandarina Satsuma	UNIDAD	80	80
FRUTAS	Mango	UNIDAD	150	150
FRUTAS	Mango Ataulfo	UNIDAD	150	150
FRUTAS	Mango Kent	UNIDAD	150	150
FRUTAS	Mango Maduro	UNIDAD	150	150
FRUTAS	Mango Osteen	UNIDAD	150	150
FRUTAS	Mango Tommy	UNIDAD	150	150
FRUTAS	Manzana	UNIDAD	180	180
FRUTAS	Manzana Braeburn	UNIDAD	180	180
FRUTAS	Manzana Cripps Pink	UNIDAD	180	180
FRUTAS	Manzana Ecológica	UNIDAD	180	180
FRUTAS	Manzana Envy	UNIDAD	180	180
FRUTAS	Manzana Fuji	UNIDAD	180	180
FRUTAS	Manzana Golden	UNIDAD	180	180
FRUTAS	Manzana Granny Smith	UNIDAD	180	180
FRUTAS	Manzana Jazz	UNIDAD	180	180
FRUTAS	Manzana Kanzi	UNIDAD	180	180
FRUTAS	Manzana Pink Lady	UNIDAD	180	180
FRUTAS	Manzana Reineta	UNIDAD	180	180
FRUTAS	Manzana Royal Gala	UNIDAD	180	180
FRUTAS	Manzana Starking	UNIDAD	180	180
FRUTAS	Melocotón	UNIDAD	150	150
FRUTAS	Melocotón Amarillo	UNIDAD	150	150
FRUTAS	Melocotón Blanco	UNIDAD	150	150
FRUTAS	Melocotón De Calanda	UNIDAD	150	150
FRUTAS	Melocotón Ecológico	UNIDAD	150	150
FRUTAS	Melocotón Plano (paraguayo)	UNIDAD	130	130
FRUTAS	Melocotón Rojo	UNIDAD	150	150
FRUTAS	Mermelada Ecológica De Fresa	CUCHARADA	20	20
FRUTAS	Mermelada Ecológica De Naranja	CUCHARADA	20	20
FRUTAS	Mermelada Sin Azúcar De Albaricoque	CUCHARADA	20	20
FRUTAS	Mermelada Sin Azúcar De Arándanos	CUCHARADA	20	20
FRUTAS	Naranja	UNIDAD	200	200
FRUTAS	Naranja De Zumo	UNIDAD	200	200
FRUTAS	Naranja Ecológica	UNIDAD	200	200
FRUTAS	Naranja Lane Late	UNIDAD	200	200
FRUTAS	Naranja Navel	UNIDAD	200	200
FRUTAS	Naranja Navelina	UNIDAD	200	200
FRUTAS	Naranja Salustiana	UNIDAD	200	200
FRUTAS	Naranja Sanguina	UNIDAD	200	200
FRUTAS	Naranja Valencia	UNIDAD	200	200
FRUTAS	Nectarina	UNIDAD	150	150
FRUTAS	Nectarina Amarilla	UNIDAD	150	150
FRUTAS	Nectarina Blanca	UNIDAD	150	150
FRUTAS	Nectarina Roja	UNIDAD	150	150
FRUTAS	Paraguaya	UNIDAD	130	130
FRUTAS	Pera	UNIDAD	170	170
FRUTAS	Pera Abate	UNIDAD	170	170
FRUTAS	Pera Blanquilla	UNIDAD	170	170
FRUTAS	Pera Conferencia	UNIDAD	170	170
FRUTAS	Pera Ecológica	UNIDAD	170	170
FRUTAS	Pera Ercolini	UNIDAD	170	170
FRUTAS	Pera Limonera	UNIDAD	170	170
FRUTAS	Pera Packham	UNIDAD	170	170
FRUTAS	Pera Rocha	UNIDAD	170	170
FRUTAS	Pera Williams	UNIDAD	170	170
FRUTAS	Plátano	UNIDAD	120	120
FRUTAS	Plátano De Canarias	UNIDAD	120	120
FRUTAS	Plátano Ecológico	UNIDAD	120	120
FRUTAS	Plátano Macho	UNIDAD	150	150
FRUTAS	Plátano Rojo	UNIDAD	120	120
FRUTAS	Pomelo	UNIDAD	250	250
FRUTAS	Pomelo Amarillo	UNIDAD	250	250
FRUTAS	Pomelo Rosa	UNIDAD	250	250
FRUTAS	Pomelo Star Ruby	UNIDAD	250	250
FRUTAS	Smoothie De Açaí	MILILITROS	250	250
FRUTAS	Smoothie De Frutas (envasado)	MILILITROS	250	250
FRUTAS	Smoothie De Mango Y Piña	MILILITROS	250	250
FRUTAS	Smoothie Verde Envasado	MILILITROS	250	250
FRUTAS	Zumo De Fruta Concentrado	MILILITROS	30	30
FRUTAS	Zumo De Lima Concentrado	MILILITROS	10	10
VERDURAS	Concentrado De Tomate	CUCHARADA	20	20
VERDURAS	Crema De Alcachofa	MILILITROS	250	250
VERDURAS	Crema De Brócoli	MILILITROS	250	250
VERDURAS	Crema De Calabacín	MILILITROS	250	250
VERDURAS	Crema De Calabaza	MILILITROS	250	250
VERDURAS	Crema De Champiñones	MILILITROS	250	250
VERDURAS	Crema De Espárragos	MILILITROS	250	250
VERDURAS	Crema De Espinacas	MILILITROS	250	250
VERDURAS	Crema De Puerro	MILILITROS	250	250
VERDURAS	Crema De Zanahoria	MILILITROS	250	250
VERDURAS	Sopa De Ajo	MILILITROS	250	250
VERDURAS	Sopa De Cebolla	MILILITROS	250	250
VERDURAS	Sopa De Fideos	MILILITROS	250	250
VERDURAS	Sopa De Miso Instantánea	MILILITROS	250	250
VERDURAS	Sopa De Tomate	MILILITROS	250	250
CEREALES	Arepa De Maíz	UNIDAD	80	80
CEREALES	Bagel	UNIDAD	90	90
CEREALES	Bagel Integral	UNIDAD	90	90
CEREALES	Baguette	REBANADA	50	50
CEREALES	Biscote	UNIDAD	15	15
CEREALES	Blinis	UNIDAD	50	25
CEREALES	Brioche	UNIDAD	50	50
CEREALES	Chapata	REBANADA	60	60
CEREALES	Ciabatta	REBANADA	60	60
CEREALES	Crepe (masa)	UNIDAD	50	50
CEREALES	Croissant	UNIDAD	60	60
CEREALES	Crumpet	UNIDAD	60	60
CEREALES	Focaccia	REBANADA	60	60
CEREALES	Galleta De Arroz Inflado	UNIDAD	10	10
CEREALES	Galleta De Arroz Y Chocolate	UNIDAD	20	20
CEREALES	Galleta De Avena	UNIDAD	25	25
CEREALES	Galleta De Espelta	UNIDAD	25	25
CEREALES	Galleta Digestive	UNIDAD	15	15
CEREALES	Galleta Ecológica De Avena	UNIDAD	25	25
CEREALES	Galleta Integral	UNIDAD	25	25
CEREALES	Galleta María	UNIDAD	25	6
CEREALES	Galleta Sin Gluten	UNIDAD	25	25
CEREALES	Galleta Tipo Oreo	UNIDAD	11	11
CEREALES	Galleta Wafer	UNIDAD	20	8
CEREALES	Gofre	UNIDAD	75	75
CEREALES	Matzo	UNIDAD	30	30
CEREALES	Muffin Inglés	UNIDAD	60	60
CEREALES	Muffin Inglés Integral	UNIDAD	60	60
CEREALES	Pan Ácimo	UNIDAD	30	30
CEREALES	Pan Bajo En Carbohidratos	REBANADA	40	40
CEREALES	Pan Blanco	REBANADA	40	40
CEREALES	Pan Candeal	REBANADA	50	50
CEREALES	Pan Cateto	REBANADA	50	50
CEREALES	Pan Chapata Con Tomate	REBANADA	60	60
CEREALES	Pan Crujiente De Centeno	UNIDAD	15	15
CEREALES	Pan De Aceitunas	REBANADA	40	40
CEREALES	Pan De Barra	REBANADA	50	50
CEREALES	Pan De Centeno	REBANADA	40	40
CEREALES	Pan De Centeno Integral	REBANADA	40	40
CEREALES	Pan De Centeno Pumpernickel	REBANADA	40	40
CEREALES	Pan De Cristal	REBANADA	30	30
CEREALES	Pan De Espelta	REBANADA	40	40
CEREALES	Pan De Hamburguesa	UNIDAD	60	60
CEREALES	Pan De Hogaza	REBANADA	50	50
CEREALES	Pan De Leña	REBANADA	50	50
CEREALES	Pan De Maíz	REBANADA	50	50
CEREALES	Pan De Masa Madre	REBANADA	50	50
CEREALES	Pan De Masa Madre Integral	REBANADA	50	50
CEREALES	Pan De Molde Blanco	REBANADA	30	30
CEREALES	Pan De Molde Ecológico	REBANADA	30	30
CEREALES	Pan De Molde Integral	REBANADA	30	30
CEREALES	Pan De Molde Proteico	REBANADA	30	30
CEREALES	Pan De Molde Sin Corteza	REBANADA	28	28
CEREALES	Pan De Molde Sin Gluten	REBANADA	30	30
CEREALES	Pan De Nueces	REBANADA	40	40
CEREALES	Pan De Payés	REBANADA	60	60
CEREALES	Pan De Pipas	REBANADA	40	40
CEREALES	Pan De Pita Integral Grande	UNIDAD	80	80
CEREALES	Pan De Pueblo	REBANADA	50	50
CEREALES	Pan De Sarraceno	REBANADA	40	40
CEREALES	Pan De Semillas	REBANADA	40	40
CEREALES	Pan De Telera	REBANADA	60	60
CEREALES	Pan De Trigo Germinado	REBANADA	40	40
CEREALES	Pan De Viena	REBANADA	40	40
CEREALES	Pan Ecológico De Espelta	REBANADA	40	40
CEREALES	Pan Ecológico Integral	REBANADA	40	40
CEREALES	Pan Integral	REBANADA	40	40
CEREALES	Pan Integral De Centeno	REBANADA	40	40
CEREALES	Pan Keto Bajo En Carbos	REBANADA	40	40
CEREALES	Pan Naan	UNIDAD	80	80
CEREALES	Pan Pita	UNIDAD	60	60
CEREALES	Pan Pita Integral	UNIDAD	60	60
CEREALES	Pan Proteico	REBANADA	40	40
CEREALES	Pan Rústico	REBANADA	50	50
CEREALES	Pan Sin Gluten	REBANADA	40	40
CEREALES	Pan Sin Sal	REBANADA	40	40
CEREALES	Pan Tostado	REBANADA	20	20
CEREALES	Pan Tostado Integral	REBANADA	20	20
CEREALES	Pancake (tortita Americana)	UNIDAD	50	50
CEREALES	Pretzel	UNIDAD	30	30
CEREALES	Regañá	UNIDAD	20	20
CEREALES	Rosquilleta	UNIDAD	25	25
CEREALES	Taco Shell	UNIDAD	15	15
CEREALES	Tortilla De Maíz	UNIDAD	30	30
CEREALES	Tortilla De Trigo	UNIDAD	60	60
CEREALES	Tortilla De Trigo Integral	UNIDAD	60	60
CEREALES	Tortita De Arroz	UNIDAD	10	10
CEREALES	Tortita De Avena	UNIDAD	30	30
CEREALES	Tortita De Maíz	UNIDAD	10	10
CEREALES	Tortita Ecológica De Arroz	UNIDAD	10	10
CEREALES	Tostada De Arroz Integral	UNIDAD	10	10
CEREALES	Tostada De Espelta	UNIDAD	20	20
CEREALES	Tostada De Maíz	UNIDAD	10	10
CEREALES	Tostada Melba	UNIDAD	15	15
CEREALES	Wrap Integral	UNIDAD	60	60
CARNES	Bacon	LONCHA	30	20
CARNES	Bacon De Pavo	LONCHA	30	20
CARNES	Cecina De Caballo	LONCHA	30	15
CARNES	Cecina De León	LONCHA	30	15
CARNES	Chopped	LONCHA	25	20
CARNES	Croqueta De Jamón (cruda)	UNIDAD	50	35
CARNES	Fiambre De Cabeza De Jabalí	LONCHA	30	20
CARNES	Fiambre De Lomo Adobado	LONCHA	30	20
CARNES	Fiambre De Pavo Con Pimienta	LONCHA	30	20
CARNES	Fiambre De Pavo Ecológico	LONCHA	30	20
CARNES	Fiambre De Pechuga De Pavo Al Horno	LONCHA	30	20
CARNES	Fiambre De Pollo Al Ajillo	LONCHA	30	20
CARNES	Fiambre De York Bajo En Grasa	LONCHA	30	20
CARNES	Fiambre Vegetal	LONCHA	30	20
CARNES	Hamburguesa De Cerdo Ibérico	UNIDAD	150	150
CARNES	Hamburguesa De Garbanzos	UNIDAD	100	100
CARNES	Hamburguesa De Lentejas	UNIDAD	100	100
CARNES	Hamburguesa De Pavo	UNIDAD	100	100
CARNES	Hamburguesa De Pollo	UNIDAD	100	100
CARNES	Hamburguesa De Pollo Empanada	UNIDAD	100	100
CARNES	Hamburguesa De Ternera	UNIDAD	100	100
CARNES	Hamburguesa De Ternera Gourmet	UNIDAD	150	150
CARNES	Hamburguesa Vegetal	UNIDAD	100	100
CARNES	Hamburguesa Vegetal De Soja	UNIDAD	100	100
CARNES	Jamón Cocido (york)	LONCHA	30	20
CARNES	Jamón Cocido Al Horno	LONCHA	30	20
CARNES	Jamón Cocido Braseado	LONCHA	30	20
CARNES	Jamón Cocido Extra	LONCHA	30	20
CARNES	Jamón De Pato	LONCHA	30	15
CARNES	Jamón Ibérico	LONCHA	30	15
CARNES	Jamón Ibérico De Bellota	LONCHA	30	15
CARNES	Jamón Ibérico De Cebo	LONCHA	30	15
CARNES	Jamón Serrano	LONCHA	30	15
CARNES	Jamón Serrano Ecológico	LONCHA	30	15
CARNES	Lacón Curado	LONCHA	30	20
CARNES	Lomo Embuchado	LONCHA	30	15
CARNES	Mini Hamburguesa De Pollo	UNIDAD	50	50
CARNES	Mortadela	LONCHA	25	25
CARNES	Mortadela Con Aceitunas	LONCHA	25	25
CARNES	Mortadela Con Pistachos	LONCHA	25	25
CARNES	Salchicha Bratwurst	UNIDAD	100	100
CARNES	Salchicha De Cerdo	UNIDAD	50	50
CARNES	Salchicha De Cerdo Y Manzana	UNIDAD	80	80
CARNES	Salchicha De Frankfurt De Pavo	UNIDAD	50	50
CARNES	Salchicha De Pavo	UNIDAD	50	50
CARNES	Salchicha De Pollo	UNIDAD	50	50
CARNES	Salchicha De Pollo Y Pavo	UNIDAD	50	50
CARNES	Salchicha De Toulouse	UNIDAD	100	100
CARNES	Salchicha Ecológica De Cerdo	UNIDAD	80	80
CARNES	Salchicha Frankfurt	UNIDAD	50	50
CARNES	Salchicha Italiana	UNIDAD	100	100
CARNES	Salchicha Merguez	UNIDAD	50	50
CARNES	Salchicha Vegetal	UNIDAD	50	50
CARNES	Salchicha Vegetal Frankfurt	UNIDAD	50	50
PESCADOS	Atún Claro En Conserva	LATA	80	52
PESCADOS	Atún En Conserva Bajo En Sal	LATA	80	52
PESCADOS	Atún En Conserva En Escabeche	LATA	80	52
PESCADOS	Atún En Lata Al Natural	LATA	80	52
PESCADOS	Atún En Lata En Aceite De Oliva	LATA	80	52
PESCADOS	Atún En Lata En Aceite Girasol	LATA	80	52
PESCADOS	Atún Msc En Conserva Al Natural	LATA	80	52
PESCADOS	Berberecho En Conserva Premium	LATA	50	60
PESCADOS	Berberechos En Conserva	LATA	50	60
PESCADOS	Bonito Del Norte En Conserva	LATA	80	52
PESCADOS	Bonito En Conserva Ecológico	LATA	80	52
PESCADOS	Caballa Al Natural En Conserva	LATA	80	85
PESCADOS	Caballa En Conserva Picante	LATA	80	85
PESCADOS	Caballa En Tomate	LATA	80	85
PESCADOS	Mejillón En Conserva Al Natural	LATA	80	65
PESCADOS	Navaja En Conserva	LATA	50	65
PESCADOS	Palitos De Pescado Congelados	UNIDAD	100	28
PESCADOS	Palitos De Surimi	UNIDAD	50	17
PESCADOS	Sardina En Conserva Al Limón	LATA	80	85
PESCADOS	Sardina En Conserva En Girasol	LATA	80	85
PESCADOS	Sardina En Conserva Premium	LATA	80	85
PESCADOS	Sardina En Tomate	LATA	80	85
PESCADOS	Sardina Msc En Conserva	LATA	80	85
PESCADOS	Surimi (palito De Cangrejo)	UNIDAD	50	17
PESCADOS	Surimi Barritas	UNIDAD	50	17
PESCADOS	Surimi En Barritas Premium	UNIDAD	50	17
PESCADOS	Varitas De Bacalao Empanadas	UNIDAD	100	28
PESCADOS	Varitas De Merluza Empanadas	UNIDAD	100	28
PESCADOS	Ventresca De Atún En Conserva	LATA	80	52
PESCADOS	Zamburiña En Conserva	LATA	50	65
PESCADOS	Zamburiña En Conserva Premium	LATA	50	65
LACTEOS	Actimel Original	UNIDAD	100	100
LACTEOS	Arroz Con Leche	UNIDAD	125	125
LACTEOS	Burrata	UNIDAD	100	125
LACTEOS	Cuajada	UNIDAD	125	125
LACTEOS	Cuajada Con Miel	UNIDAD	125	125
LACTEOS	Cuajada De Oveja	UNIDAD	125	125
LACTEOS	Dulce De Leche	CUCHARADA	20	20
LACTEOS	Flan Casero	UNIDAD	110	110
LACTEOS	Flan De Huevo	UNIDAD	110	110
LACTEOS	Helado De Dulce De Leche	CUCHARADA	80	80
LACTEOS	Kéfir	MILILITROS	250	250
LACTEOS	Kéfir De Agua	MILILITROS	250	250
LACTEOS	Kéfir De Cabra	MILILITROS	250	250
LACTEOS	Kéfir Desnatado	MILILITROS	250	250
LACTEOS	Kéfir Ecológico	MILILITROS	250	250
LACTEOS	Lassi (bebida De Yogur)	MILILITROS	250	250
LACTEOS	Leche A2	MILILITROS	250	250
LACTEOS	Leche Condensada	CUCHARADA	20	20
LACTEOS	Leche De Búfala	MILILITROS	250	250
LACTEOS	Leche De Cabra	MILILITROS	250	250
LACTEOS	Leche De Oveja	MILILITROS	250	250
LACTEOS	Leche De Yegua	MILILITROS	250	250
LACTEOS	Leche Desnatada	MILILITROS	250	250
LACTEOS	Leche Ecológica Desnatada	MILILITROS	250	250
LACTEOS	Leche Ecológica Entera	MILILITROS	250	250
LACTEOS	Leche Ecológica Semidesnatada	MILILITROS	250	250
LACTEOS	Leche En Polvo Desnatada	CUCHARADA	15	15
LACTEOS	Leche En Polvo Entera	CUCHARADA	15	15
LACTEOS	Leche Entera	MILILITROS	250	250
LACTEOS	Leche Evaporada	MILILITROS	50	50
LACTEOS	Leche Fermentada	MILILITROS	125	125
LACTEOS	Leche Fresca Desnatada	MILILITROS	250	250
LACTEOS	Leche Fresca Entera	MILILITROS	250	250
LACTEOS	Leche Fresca Semidesnatada	MILILITROS	250	250
LACTEOS	Leche Semidesnatada	MILILITROS	250	250
LACTEOS	Leche Sin Lactosa Desnatada	MILILITROS	250	250
LACTEOS	Leche Sin Lactosa Entera	MILILITROS	250	250
LACTEOS	Leche Sin Lactosa Semi	MILILITROS	250	250
LACTEOS	Mozzarella De Búfala	UNIDAD	80	125
LACTEOS	Mozzarella Ecológica	UNIDAD	80	125
LACTEOS	Mozzarella Fresca	UNIDAD	80	125
LACTEOS	Mozzarella Light	UNIDAD	80	125
LACTEOS	Nata Ecológica Para Montar	MILILITROS	30	30
LACTEOS	Nata Líquida Para Cocinar (18%)	MILILITROS	50	50
LACTEOS	Nata Para Cocinar 4%	MILILITROS	50	50
LACTEOS	Nata Para Cocinar Light	MILILITROS	50	50
LACTEOS	Nata Para Montar (35%)	MILILITROS	30	30
LACTEOS	Nata Para Repostería 38%	MILILITROS	30	30
LACTEOS	Nata Vegetal Para Cocinar	MILILITROS	50	50
LACTEOS	Natillas	UNIDAD	125	125
LACTEOS	Petit Suisse De Fresa	UNIDAD	55	55
LACTEOS	Petit Suisse Natural	UNIDAD	55	55
LACTEOS	Polo De Yogur	UNIDAD	80	80
LACTEOS	Queso De Sandwich	LONCHA	20	20
LACTEOS	Queso En Lonchas	LONCHA	20	20
LACTEOS	Queso Fundido En Lonchas	LONCHA	20	20
LACTEOS	Queso Mini Babybel	UNIDAD	22	22
LACTEOS	Queso Mozzarella String	UNIDAD	28	28
LACTEOS	Skyr	UNIDAD	150	150
LACTEOS	Yogur Alto Proteico 0%	UNIDAD	150	150
LACTEOS	Yogur Bebible 0%	MILILITROS	200	200
LACTEOS	Yogur Bebible De Frutas	MILILITROS	200	200
LACTEOS	Yogur Bebible Natural	MILILITROS	200	200
LACTEOS	Yogur Bebible Proteico	MILILITROS	300	300
LACTEOS	Yogur Bifidus Natural	UNIDAD	125	125
LACTEOS	Yogur De Almendras Natural	UNIDAD	125	125
LACTEOS	Yogur De Cabra	UNIDAD	125	125
LACTEOS	Yogur De Cabra Ecológico	UNIDAD	125	125
LACTEOS	Yogur De Cabra Natural	UNIDAD	125	125
LACTEOS	Yogur De Coco	UNIDAD	125	125
LACTEOS	Yogur De Coco Natural	UNIDAD	125	125
LACTEOS	Yogur De Limón	UNIDAD	125	125
LACTEOS	Yogur De Oveja	UNIDAD	125	125
LACTEOS	Yogur De Soja Vainilla	UNIDAD	125	125
LACTEOS	Yogur De Stracciatella	UNIDAD	125	125
LACTEOS	Yogur De Vainilla 0%	UNIDAD	125	125
LACTEOS	Yogur Ecológico Griego	UNIDAD	125	125
LACTEOS	Yogur Ecológico Natural	UNIDAD	125	125
LACTEOS	Yogur Griego	UNIDAD	125	125
LACTEOS	Yogur Griego 0%	UNIDAD	125	125
LACTEOS	Yogur Griego 2%	UNIDAD	125	125
LACTEOS	Yogur Griego Ecológico 0%	UNIDAD	125	125
LACTEOS	Yogur Griego Miel	UNIDAD	125	125
LACTEOS	Yogur Islandés (skyr)	UNIDAD	150	150
LACTEOS	Yogur Natural	UNIDAD	125	125
LACTEOS	Yogur Natural Azucarado	UNIDAD	125	125
LACTEOS	Yogur Natural Desnatado	UNIDAD	125	125
LACTEOS	Yogur Proteico	UNIDAD	150	150
HUEVOS	Clara De Huevo	UNIDAD	33	33
HUEVOS	Clara De Huevo Cocida	UNIDAD	33	33
HUEVOS	Claras De Huevo Pasteurizadas	MILILITROS	100	100
HUEVOS	Huevo A La Plancha	UNIDAD	60	60
HUEVOS	Huevo Campero	UNIDAD	63	63
HUEVOS	Huevo Cocido	UNIDAD	60	60
HUEVOS	Huevo De Codorniz	UNIDAD	10	10
HUEVOS	Huevo De Oca	UNIDAD	100	100
HUEVOS	Huevo De Pato	UNIDAD	70	70
HUEVOS	Huevo Ecológico	UNIDAD	63	63
HUEVOS	Huevo Entero (crudo)	UNIDAD	60	60
HUEVOS	Huevo Escalfado	UNIDAD	60	60
HUEVOS	Huevo Frito	UNIDAD	60	60
HUEVOS	Huevo Poché	UNIDAD	60	60
HUEVOS	Huevo Revuelto	UNIDAD	60	60
HUEVOS	Huevo Xl	UNIDAD	73	73
HUEVOS	Tortilla Francesa	UNIDAD	80	80
HUEVOS	Yema De Huevo	UNIDAD	17	17
HUEVOS	Yema De Huevo Cocida	UNIDAD	17	17
ACEITES	Aceite De Aguacate	CUCHARADA	10	10
ACEITES	Aceite De Almendras Dulces	CUCHARADA	10	10
ACEITES	Aceite De Argán	CUCHARADITA	5	5
ACEITES	Aceite De Avellana	CUCHARADA	10	10
ACEITES	Aceite De Borraja	CUCHARADITA	5	5
ACEITES	Aceite De Cacahuete	CUCHARADA	10	10
ACEITES	Aceite De Coco	CUCHARADA	10	10
ACEITES	Aceite De Coco Virgen	CUCHARADA	10	10
ACEITES	Aceite De Colza	CUCHARADA	10	10
ACEITES	Aceite De Girasol	CUCHARADA	10	10
ACEITES	Aceite De Girasol Alto Oleico	CUCHARADA	10	10
ACEITES	Aceite De Linaza	CUCHARADA	10	10
ACEITES	Aceite De Lino Bio	CUCHARADA	10	10
ACEITES	Aceite De Maíz	CUCHARADA	10	10
ACEITES	Aceite De Nuez	CUCHARADA	10	10
ACEITES	Aceite De Oliva Arbequina	CUCHARADA	10	10
ACEITES	Aceite De Oliva Hojiblanca	CUCHARADA	10	10
ACEITES	Aceite De Oliva Picual	CUCHARADA	10	10
ACEITES	Aceite De Oliva Suave	CUCHARADA	10	10
ACEITES	Aceite De Oliva Virgen	CUCHARADA	10	10
ACEITES	Aceite De Oliva Virgen Extra	CUCHARADA	10	10
ACEITES	Aceite De Onagra	CUCHARADITA	5	5
ACEITES	Aceite De Palma	CUCHARADA	10	10
ACEITES	Aceite De Pepita De Uva	CUCHARADA	10	10
ACEITES	Aceite De Semilla De Calabaza	CUCHARADA	10	10
ACEITES	Aceite De Semilla De Cáñamo	CUCHARADA	10	10
ACEITES	Aceite De Sésamo	CUCHARADA	10	10
ACEITES	Aceite De Sésamo Tostado	CUCHARADITA	5	5
ACEITES	Aceite De Soja	CUCHARADA	10	10
ACEITES	Aceite De Trufa Blanca	CUCHARADITA	5	5
ACEITES	Aceite De Trufa Negra	CUCHARADITA	5	5
ACEITES	Aceite Mct	CUCHARADA	10	10
ACEITES	Mantequilla De Cacahuete (aceite)	CUCHARADA	15	15
ACEITES	Mantequilla De Cacao	CUCHARADA	10	10
BEBIDAS	Achicoria Soluble	MILILITROS	200	200
BEBIDAS	Agua Con Gas	MILILITROS	250	250
BEBIDAS	Agua Con Limón	MILILITROS	250	250
BEBIDAS	Agua De Coco	MILILITROS	250	250
BEBIDAS	Agua De Limón Y Pepino	MILILITROS	250	250
BEBIDAS	Agua De Manantial	MILILITROS	250	250
BEBIDAS	Agua Mineral	MILILITROS	250	250
BEBIDAS	Agua Mineral Con Sabor Limón	MILILITROS	250	250
BEBIDAS	Agua Mineral Con Sabor Menta	MILILITROS	250	250
BEBIDAS	Anís	MILILITROS	30	30
BEBIDAS	Batido De Avena Y Plátano	MILILITROS	250	250
BEBIDAS	Batido De Chocolate	MILILITROS	200	200
BEBIDAS	Batido De Fresa	MILILITROS	200	200
BEBIDAS	Batido De Proteínas (listo)	MILILITROS	330	330
BEBIDAS	Batido De Vainilla	MILILITROS	200	200
BEBIDAS	Batido Verde Proteico	MILILITROS	300	300
BEBIDAS	Bebida De Almendras	MILILITROS	250	250
BEBIDAS	Bebida De Almendras Ecológica	MILILITROS	250	250
BEBIDAS	Bebida De Almendras Sin Azúcar	MILILITROS	250	250
BEBIDAS	Bebida De Alpiste	MILILITROS	250	250
BEBIDAS	Bebida De Anacardo	MILILITROS	250	250
BEBIDAS	Bebida De Arroz	MILILITROS	250	250
BEBIDAS	Bebida De Arroz Ecológica	MILILITROS	250	250
BEBIDAS	Bebida De Avellanas	MILILITROS	250	250
BEBIDAS	Bebida De Avena	MILILITROS	250	250
BEBIDAS	Bebida De Avena Barista	MILILITROS	250	250
BEBIDAS	Bebida De Avena Ecológica	MILILITROS	250	250
BEBIDAS	Bebida De Avena Sin Azúcar	MILILITROS	250	250
BEBIDAS	Bebida De Cáñamo	MILILITROS	250	250
BEBIDAS	Bebida De Coco	MILILITROS	250	250
BEBIDAS	Bebida De Coco Ecológica	MILILITROS	250	250
BEBIDAS	Bebida De Espelta	MILILITROS	250	250
BEBIDAS	Bebida De Kamut	MILILITROS	250	250
BEBIDAS	Bebida De Pistacho	MILILITROS	250	250
BEBIDAS	Bebida De Quinoa	MILILITROS	250	250
BEBIDAS	Bebida De Soja	MILILITROS	250	250
BEBIDAS	Bebida De Soja Chocolate	MILILITROS	250	250
BEBIDAS	Bebida De Soja Ecológica	MILILITROS	250	250
BEBIDAS	Bebida De Soja Sin Azúcar	MILILITROS	250	250
BEBIDAS	Bebida Energética	MILILITROS	250	250
BEBIDAS	Bebida Energética Zero	MILILITROS	250	250
BEBIDAS	Bebida Isotónica	MILILITROS	500	500
BEBIDAS	Brandi	MILILITROS	50	50
BEBIDAS	Cacao Con Leche De Avena	MILILITROS	250	250
BEBIDAS	Cacao En Polvo Desgrasado	CUCHARADA	10	10
BEBIDAS	Cacao En Polvo Puro	CUCHARADA	10	10
BEBIDAS	Café Americano	MILILITROS	200	200
BEBIDAS	Café Capuchino	MILILITROS	200	200
BEBIDAS	Café Con Leche	MILILITROS	150	150
BEBIDAS	Café Cortado	MILILITROS	60	60
BEBIDAS	Café De Cereales (sustituto)	MILILITROS	200	200
BEBIDAS	Café De Especialidad	MILILITROS	30	30
BEBIDAS	Café De Tueste Natural	MILILITROS	30	30
BEBIDAS	Café Descafeinado	MILILITROS	30	30
BEBIDAS	Café Espresso	MILILITROS	30	30
BEBIDAS	Café Latte	MILILITROS	250	250
BEBIDAS	Café Solo (sin Azúcar)	MILILITROS	30	30
BEBIDAS	Caldo De Huesos	MILILITROS	250	250
BEBIDAS	Caldo De Jamón	MILILITROS	250	250
BEBIDAS	Caldo De Pescado	MILILITROS	250	250
BEBIDAS	Caldo De Pollo	MILILITROS	250	250
BEBIDAS	Caldo De Verduras	MILILITROS	250	250
BEBIDAS	Cava Brut	MILILITROS	150	150
BEBIDAS	Cava Ecológico	MILILITROS	150	150
BEBIDAS	Cerveza (5%)	MILILITROS	330	330
BEBIDAS	Cerveza Artesana Ipa	MILILITROS	330	330
BEBIDAS	Cerveza Artesana Stout	MILILITROS	330	330
BEBIDAS	Cerveza Sin Alcohol	MILILITROS	330	330
BEBIDAS	Chai Latte	MILILITROS	250	250
BEBIDAS	Champán	MILILITROS	150	150
BEBIDAS	Chocolate Caliente	MILILITROS	250	250
BEBIDAS	Colacao / Cacao Soluble	CUCHARADA	15	15
BEBIDAS	Coñac	MILILITROS	50	50
BEBIDAS	Gazpacho Andaluz	MILILITROS	250	250
BEBIDAS	Gazpacho Envasado	MILILITROS	250	250
BEBIDAS	Ginebra	MILILITROS	50	50
BEBIDAS	Ginger Ale	MILILITROS	200	200
BEBIDAS	Golden Milk (cúrcuma Latte)	MILILITROS	250	250
BEBIDAS	Granizado De Café	MILILITROS	200	200
BEBIDAS	Granizado De Limón	MILILITROS	200	200
BEBIDAS	Hierba Luisa (infusión)	MILILITROS	250	250
BEBIDAS	Horchata	MILILITROS	250	250
BEBIDAS	Horchata De Chufa	MILILITROS	250	250
BEBIDAS	Infusión De Canela Y Manzana	MILILITROS	250	250
BEBIDAS	Infusión De Frutas Del Bosque	MILILITROS	250	250
BEBIDAS	Infusión De Hibisco	MILILITROS	250	250
BEBIDAS	Infusión De Jengibre Y Limón	MILILITROS	250	250
BEBIDAS	Infusión Digestiva	MILILITROS	250	250
BEBIDAS	Infusión Relajante	MILILITROS	250	250
BEBIDAS	Kombucha	MILILITROS	250	250
BEBIDAS	Kombucha De Jengibre	MILILITROS	250	250
BEBIDAS	Leche De Coco (lata)	MILILITROS	100	100
BEBIDAS	Leche De Coco Light	MILILITROS	100	100
BEBIDAS	Leche De Coco Para Beber	MILILITROS	250	250
BEBIDAS	Leche Merengada	MILILITROS	250	250
BEBIDAS	Licor De Hierbas	MILILITROS	30	30
BEBIDAS	Licuado Verde	MILILITROS	250	250
BEBIDAS	Limonada Con Menta	MILILITROS	250	250
BEBIDAS	Limonada Natural	MILILITROS	250	250
BEBIDAS	Manzanilla (infusión)	MILILITROS	250	250
BEBIDAS	Matcha Latte	MILILITROS	250	250
BEBIDAS	Néctar De Mango	MILILITROS	250	250
BEBIDAS	Néctar De Pera	MILILITROS	250	250
BEBIDAS	Orujo	MILILITROS	30	30
BEBIDAS	Pacharán	MILILITROS	30	30
BEBIDAS	Poleo Menta (infusión)	MILILITROS	250	250
BEBIDAS	Prosecco	MILILITROS	150	150
BEBIDAS	Refresco De Cola	MILILITROS	330	330
BEBIDAS	Refresco De Cola Zero	MILILITROS	330	330
BEBIDAS	Refresco De Limón	MILILITROS	330	330
BEBIDAS	Refresco De Naranja	MILILITROS	330	330
BEBIDAS	Ron	MILILITROS	50	50
BEBIDAS	Rooibos (infusión)	MILILITROS	250	250
BEBIDAS	Sake	MILILITROS	100	100
BEBIDAS	Salmorejo	MILILITROS	250	250
BEBIDAS	Sangría	MILILITROS	250	250
BEBIDAS	Sidra Ecológica	MILILITROS	250	250
BEBIDAS	Sidra Natural	MILILITROS	250	250
BEBIDAS	Smoothie De Proteínas	MILILITROS	250	250
BEBIDAS	Té Blanco (infusión)	MILILITROS	250	250
BEBIDAS	Té Chai (infusión)	MILILITROS	250	250
BEBIDAS	Té Helado De Limón	MILILITROS	250	250
BEBIDAS	Té Helado De Melocotón	MILILITROS	250	250
BEBIDAS	Té Matcha (polvo)	CUCHARADITA	2	2
BEBIDAS	Té Negro (infusión)	MILILITROS	250	250
BEBIDAS	Té Rojo (infusión)	MILILITROS	250	250
BEBIDAS	Té Verde (infusión)	MILILITROS	250	250
BEBIDAS	Tila (infusión)	MILILITROS	250	250
BEBIDAS	Tinto De Verano	MILILITROS	250	250
BEBIDAS	Tónica	MILILITROS	200	200
BEBIDAS	Tónica Zero	MILILITROS	200	200
BEBIDAS	Valeriana (infusión)	MILILITROS	250	250
BEBIDAS	Vermú	MILILITROS	100	100
BEBIDAS	Vino Blanco	MILILITROS	150	150
BEBIDAS	Vino Blanco Ecológico	MILILITROS	150	150
BEBIDAS	Vino Rosado	MILILITROS	150	150
BEBIDAS	Vino Tinto	MILILITROS	150	150
BEBIDAS	Vino Tinto Ecológico	MILILITROS	150	150
BEBIDAS	Vodka	MILILITROS	50	50
BEBIDAS	Whisky	MILILITROS	50	50
BEBIDAS	Zumo De Apio	MILILITROS	250	250
BEBIDAS	Zumo De Arándanos	MILILITROS	250	250
BEBIDAS	Zumo De Granada	MILILITROS	250	250
BEBIDAS	Zumo De Jengibre	MILILITROS	30	30
BEBIDAS	Zumo De Limón	MILILITROS	30	30
BEBIDAS	Zumo De Manzana	MILILITROS	250	250
BEBIDAS	Zumo De Manzana Ecológico	MILILITROS	250	250
BEBIDAS	Zumo De Melocotón	MILILITROS	250	250
BEBIDAS	Zumo De Naranja Ecológico	MILILITROS	250	250
BEBIDAS	Zumo De Naranja Natural	MILILITROS	250	250
BEBIDAS	Zumo De Piña	MILILITROS	250	250
BEBIDAS	Zumo De Pomelo	MILILITROS	250	250
BEBIDAS	Zumo De Remolacha	MILILITROS	250	250
BEBIDAS	Zumo De Tomate	MILILITROS	250	250
BEBIDAS	Zumo De Uva	MILILITROS	250	250
BEBIDAS	Zumo De Zanahoria	MILILITROS	250	250
BEBIDAS	Zumo Detox (jengibre Y Limón)	MILILITROS	250	250
BEBIDAS	Zumo Multifrutas	MILILITROS	250	250
BEBIDAS	Zumo Verde (espinacas Y Manzana)	MILILITROS	250	250
CONDIMENTOS	Aceite De Oliva Con Ajo	CUCHARADA	10	10
CONDIMENTOS	Aceite De Oliva Con Guindilla	CUCHARADA	10	10
CONDIMENTOS	Aceite De Oliva Con Romero	CUCHARADA	10	10
CONDIMENTOS	Aceite De Trufa	CUCHARADITA	5	5
CONDIMENTOS	Aderezo César	CUCHARADA	15	15
CONDIMENTOS	Alioli	CUCHARADA	15	15
CONDIMENTOS	Azúcar Blanco	CUCHARADITA	10	5
CONDIMENTOS	Azúcar De Coco	CUCHARADITA	10	5
CONDIMENTOS	Azúcar Moreno	CUCHARADITA	10	5
CONDIMENTOS	Banderilla Encurtida	UNIDAD	30	30
CONDIMENTOS	Bouillon En Cubo	UNIDAD	5	10
CONDIMENTOS	Caldo Ecológico De Pollo	MILILITROS	250	250
CONDIMENTOS	Caldo Ecológico De Verduras	MILILITROS	250	250
CONDIMENTOS	Chermoula	CUCHARADA	15	15
CONDIMENTOS	Chutney De Mango	CUCHARADA	15	15
CONDIMENTOS	Chutney De Tomate	CUCHARADA	15	15
CONDIMENTOS	Confitura De Albaricoque	CUCHARADA	20	20
CONDIMENTOS	Confitura De Cebolla	CUCHARADA	20	20
CONDIMENTOS	Confitura De Frambuesa	CUCHARADA	20	20
CONDIMENTOS	Confitura De Tomate Verde	CUCHARADA	20	20
CONDIMENTOS	Crema De Rábano Picante	CUCHARADA	10	10
CONDIMENTOS	Doenjang (pasta De Soja)	CUCHARADA	10	10
CONDIMENTOS	Eritritol	CUCHARADITA	10	5
CONDIMENTOS	Fumet De Pescado	MILILITROS	100	100
CONDIMENTOS	Gochujang (pasta De Chile Coreano)	CUCHARADA	10	10
CONDIMENTOS	Gochujang (suave)	CUCHARADA	10	10
CONDIMENTOS	Ketchup	CUCHARADA	15	15
CONDIMENTOS	Ketchup Ecológico	CUCHARADA	15	15
CONDIMENTOS	Levadura Nutricional	CUCHARADA	5	5
CONDIMENTOS	Mayonesa	CUCHARADA	15	15
CONDIMENTOS	Mayonesa Ecológica	CUCHARADA	15	15
CONDIMENTOS	Mayonesa Light	CUCHARADA	15	15
CONDIMENTOS	Melaza	CUCHARADA	15	15
CONDIMENTOS	Mermelada De Arándanos	CUCHARADA	20	20
CONDIMENTOS	Mermelada De Calabaza	CUCHARADA	20	20
CONDIMENTOS	Mermelada De Cereza	CUCHARADA	20	20
CONDIMENTOS	Mermelada De Fresa	CUCHARADA	20	20
CONDIMENTOS	Mermelada De Fresa Sin Azúcar	CUCHARADA	20	20
CONDIMENTOS	Mermelada De Higo Y Nuez	CUCHARADA	20	20
CONDIMENTOS	Mermelada De Higos	CUCHARADA	20	20
CONDIMENTOS	Mermelada De Kiwi	CUCHARADA	20	20
CONDIMENTOS	Mermelada De Melocotón	CUCHARADA	20	20
CONDIMENTOS	Mermelada De Mora	CUCHARADA	20	20
CONDIMENTOS	Mermelada De Naranja	CUCHARADA	20	20
CONDIMENTOS	Mermelada De Pimiento	CUCHARADA	20	20
CONDIMENTOS	Mermelada De Tomate	CUCHARADA	20	20
CONDIMENTOS	Mermelada Ecológica De Albaricoque	CUCHARADA	20	20
CONDIMENTOS	Mermelada Ecológica De Frutos Rojos	CUCHARADA	20	20
CONDIMENTOS	Mermelada Ecológica De Melocotón	CUCHARADA	20	20
CONDIMENTOS	Mermelada Extra De Fresa	CUCHARADA	20	20
CONDIMENTOS	Miel	CUCHARADA	15	15
CONDIMENTOS	Miel De Azahar	CUCHARADA	15	15
CONDIMENTOS	Miel De Eucalipto	CUCHARADA	15	15
CONDIMENTOS	Miel De Manuka	CUCHARADA	10	10
CONDIMENTOS	Miel De Romero	CUCHARADA	15	15
CONDIMENTOS	Miel Ecológica De Flores	CUCHARADA	15	15
CONDIMENTOS	Miel Ecológica Milflores	CUCHARADA	15	15
CONDIMENTOS	Mirin	CUCHARADA	10	10
CONDIMENTOS	Miso	CUCHARADA	10	10
CONDIMENTOS	Mojo Picón	CUCHARADA	15	15
CONDIMENTOS	Mostaza	CUCHARADA	10	10
CONDIMENTOS	Mostaza De Dijon	CUCHARADA	10	10
CONDIMENTOS	Mostaza Ecológica	CUCHARADA	10	10
CONDIMENTOS	Nuoc Mam (salsa De Pescado)	CUCHARADITA	5	5
CONDIMENTOS	Panela	CUCHARADITA	10	5
CONDIMENTOS	Pasta De Curry Rojo	CUCHARADA	10	10
CONDIMENTOS	Pasta De Curry Verde	CUCHARADA	10	10
CONDIMENTOS	Pasta De Gambas	CUCHARADITA	5	5
CONDIMENTOS	Pasta De Miso	CUCHARADA	10	10
CONDIMENTOS	Pesto Ecológico	CUCHARADA	20	20
CONDIMENTOS	Pesto Genovés	CUCHARADA	20	20
CONDIMENTOS	Pesto Rojo	CUCHARADA	20	20
CONDIMENTOS	Pimiento Del Piquillo En Conserva	UNIDAD	50	25
CONDIMENTOS	Reducción De Vinagre Balsámico	CUCHARADA	10	10
CONDIMENTOS	Salsa Barbacoa	CUCHARADA	20	20
CONDIMENTOS	Salsa Brava	CUCHARADA	20	20
CONDIMENTOS	Salsa Chimichurri	CUCHARADA	15	15
CONDIMENTOS	Salsa De Cacahuete	CUCHARADA	15	15
CONDIMENTOS	Salsa De Ostras	CUCHARADA	10	10
CONDIMENTOS	Salsa De Sésamo	CUCHARADA	15	15
CONDIMENTOS	Salsa De Soja	CUCHARADA	10	10
CONDIMENTOS	Salsa De Soja Baja En Sal	CUCHARADA	10	10
CONDIMENTOS	Salsa De Soja Ecológica	CUCHARADA	10	10
CONDIMENTOS	Salsa Harissa	CUCHARADA	10	10
CONDIMENTOS	Salsa Hoisin	CUCHARADA	15	15
CONDIMENTOS	Salsa Hp	CUCHARADA	15	15
CONDIMENTOS	Salsa Mil Islas	CUCHARADA	15	15
CONDIMENTOS	Salsa Pesto	CUCHARADA	20	20
CONDIMENTOS	Salsa Ponzu	CUCHARADA	15	15
CONDIMENTOS	Salsa Ranch	CUCHARADA	15	15
CONDIMENTOS	Salsa Romesco	CUCHARADA	20	20
CONDIMENTOS	Salsa Rosa	CUCHARADA	15	15
CONDIMENTOS	Salsa Sweet Chili	CUCHARADA	15	15
CONDIMENTOS	Salsa Tahini	CUCHARADA	15	15
CONDIMENTOS	Salsa Tamari Ecológica	CUCHARADA	10	10
CONDIMENTOS	Salsa Tártara	CUCHARADA	15	15
CONDIMENTOS	Salsa Teriyaki	CUCHARADA	15	15
CONDIMENTOS	Salsa Tsuyu	CUCHARADA	15	15
CONDIMENTOS	Salsa Verde (mojo)	CUCHARADA	15	15
CONDIMENTOS	Salsa Worcestershire	CUCHARADITA	5	5
CONDIMENTOS	Salsa Worcestershire	CUCHARADITA	5	5
CONDIMENTOS	Salsa Yakiniku	CUCHARADA	15	15
CONDIMENTOS	Sambal Oelek	CUCHARADITA	5	5
CONDIMENTOS	Sirope De Agave	CUCHARADA	15	15
CONDIMENTOS	Sirope De Agave Ecológico	CUCHARADA	15	15
CONDIMENTOS	Sirope De Arce	CUCHARADA	15	15
CONDIMENTOS	Sirope De Arroz	CUCHARADA	15	15
CONDIMENTOS	Sirope De Dátil	CUCHARADA	15	15
CONDIMENTOS	Sriracha	CUCHARADITA	10	5
CONDIMENTOS	Tabasco	CUCHARADITA	5	5
CONDIMENTOS	Tahini Ecológico	CUCHARADA	15	15
CONDIMENTOS	Tapenade De Aceitunas	CUCHARADA	15	15
CONDIMENTOS	Vinagre Balsámico	CUCHARADA	15	15
CONDIMENTOS	Vinagre De Arroz	CUCHARADA	15	15
CONDIMENTOS	Vinagre De Jerez	CUCHARADA	15	15
CONDIMENTOS	Vinagre De Manzana	CUCHARADA	15	15
CONDIMENTOS	Vinagre De Módena	CUCHARADA	15	15
CONDIMENTOS	Vinagre De Vino	CUCHARADA	15	15
CONDIMENTOS	Vinagre Ecológico Balsámico	CUCHARADA	15	15
CONDIMENTOS	Vinagre Ecológico De Manzana	CUCHARADA	15	15
CONDIMENTOS	Vinagreta Clásica	CUCHARADA	15	15
CONDIMENTOS	Vino De Arroz Para Cocinar	CUCHARADA	15	15
CONDIMENTOS	Wasabi En Pasta	CUCHARADITA	5	5
CONDIMENTOS	Xilitol	CUCHARADITA	10	5
CONDIMENTOS	Xo Sauce	CUCHARADITA	5	5
DULCES	Alfajor	UNIDAD	30	30
DULCES	Barquillo	UNIDAD	15	15
DULCES	Barrita De Cereales	UNIDAD	25	25
DULCES	Barrita Energética De Dátiles	UNIDAD	40	40
DULCES	Barrita Energética Ecológica	UNIDAD	40	40
DULCES	Barrita Proteica	UNIDAD	40	40
DULCES	Barrita Proteica Vegana	UNIDAD	45	45
DULCES	Bombón De Chocolate Con Leche	UNIDAD	15	15
DULCES	Bombón De Chocolate Negro	UNIDAD	15	15
DULCES	Bombón Ecológico	UNIDAD	15	15
DULCES	Buñuelo De Viento	UNIDAD	30	30
DULCES	Caramelo Duro	UNIDAD	5	5
DULCES	Churro	UNIDAD	50	50
DULCES	Churro Relleno De Chocolate	UNIDAD	60	60
DULCES	Cookie	UNIDAD	30	30
DULCES	Cookie De Chocolate	UNIDAD	30	30
DULCES	Cookie Vegano	UNIDAD	30	30
DULCES	Crema De Cacao Ecológica	CUCHARADA	15	15
DULCES	Cruasán De Chocolate	UNIDAD	70	70
DULCES	Donut	UNIDAD	60	60
DULCES	Donut Vegano	UNIDAD	60	60
DULCES	Dorayaki	UNIDAD	50	50
DULCES	Eclair De Chocolate	UNIDAD	60	60
DULCES	Ensaimada	UNIDAD	80	80
DULCES	Flan De Coco	UNIDAD	110	110
DULCES	Galleta Con Pepitas De Chocolate	UNIDAD	15	15
DULCES	Galleta De Jengibre	UNIDAD	15	15
DULCES	Galleta De Mantequilla Danesa	UNIDAD	15	15
DULCES	Galleta Ecológica Sin Gluten	UNIDAD	25	25
DULCES	Galleta Speculoos	UNIDAD	15	15
DULCES	Macarón (francés)	UNIDAD	12	12
DULCES	Magdalena	UNIDAD	40	40
DULCES	Magdalena De Limón	UNIDAD	40	40
DULCES	Magdalena Integral	UNIDAD	40	40
DULCES	Mantecado	UNIDAD	25	25
DULCES	Merengue	UNIDAD	15	15
DULCES	Mochi Helado	UNIDAD	50	50
DULCES	Muffin De Arándanos	UNIDAD	60	60
DULCES	Muffin De Chocolate	UNIDAD	60	60
DULCES	Muffin Vegano	UNIDAD	60	60
DULCES	Napolitana De Chocolate	UNIDAD	60	60
DULCES	Natillas De Chocolate	UNIDAD	125	125
DULCES	Natillas De Vainilla	UNIDAD	125	125
DULCES	Palmera De Chocolate	UNIDAD	60	60
DULCES	Palmera De Hojaldre	UNIDAD	50	50
DULCES	Pastel De Nata Portugués	UNIDAD	50	50
DULCES	Pestiño	UNIDAD	25	25
DULCES	Polo De Frutas	UNIDAD	80	80
DULCES	Polvorón	UNIDAD	25	25
DULCES	Polvorón De Almendra	UNIDAD	25	25
DULCES	Porras	UNIDAD	60	60
DULCES	Regaliz	UNIDAD	20	20
DULCES	Rosquilla De Anís	UNIDAD	40	40
DULCES	Rosquilla Tonta	UNIDAD	50	50
DULCES	Soletilla (bizcocho)	UNIDAD	20	20
DULCES	Toffee	UNIDAD	10	10
DULCES	Torrija	UNIDAD	80	80
DULCES	Yema De Santa Teresa	UNIDAD	20	20
OTROS	Barrita De Cereales Con Frutos Secos	UNIDAD	30	30
OTROS	Barrita Energética De Dátil Y Cacao	UNIDAD	40	40
OTROS	Barrita Proteica De Cacahuete	UNIDAD	45	45
OTROS	Barrita Proteica De Chocolate	UNIDAD	45	45
OTROS	Barritas De Proteína De Suero	UNIDAD	45	45
OTROS	Bebida De Proteína Lista Para Tomar	MILILITROS	330	330
OTROS	Beyond Meat (hamburguesa)	UNIDAD	100	100